Oliver Hernandez - oliver.hernandez@g.batstate-u.edu.ph
Kristine Isidro - kristineisidro001@gmail.com
John Person Pacia - jppacia001@gmail.com
Ron Leo Salazar - ronleotumbaga@gmail.com
John Andrei Balasa - balasa.johnandrei.b27@gmail.com
April Joemhel Mendoza - apriljoemhelzadome@gmail.com
April Joemhel Mendoza - apriljoemhelzadome@gmail.com
Aldrin Marion Firme - aldrinfirme18@gmail.com
Aryz Minanga - aryzbausasminanga0802@gmail.com
April Joemhel Mendoza - apriljoemhelzadome@gmail.com
Aldrin Marion Firme - aldrinfirme18@gmail.com
Aryz Minanga - aryzbausasminanga0802@gmail.com
Manny Porlay - mannyporlay09@gmail.com
Kieth Williams Gecoso - gecosokiethwilliamsb@gmail.com
Jimuel Rillorta - jimuelrillorta@icloud.com
James Izar - james.izar@g.batstate-u.edu.ph
Manuel Villanueva - 21-78554@g.batstate-u.edu.ph
Mark Joseph Luayon - mluayon61@gmail.com
Christian Villaveza - villavezachristian31@gmail.com
Mary Grace Name - grasyahh21@gmail.com
Aira Atienza - airamarie.atienza@gmail.com
Alfonso Aladad - alfonsoaladad17aa30@gmail.com
Jerico Jonson - JericoJonson10@gmail.com
Cecile Baral - cecilegatdulabaral@gmail.com
John Patrick Rosel - Johnpatrick.rosel02@gmail.com
Ruel Sumalinog Jr. - yotot1212@gmail.com